1,1,1,1.jpg,Tamgaram,23000
2,1,1,2.jpg,Tamgaram,23000
3,1,1,3.jpg,Tamgaram,23000
4,1,1,4.jpg,Tamgaram,23000
5,1,1,5.jpg,Tamgaram,23000
6,1,1,6.jpg,Tamgaram,23000
7,1,1,7.jpg,Tamgaram,23000
8,1,1,8.jpg,Tamgaram,23000
9,1,1,9.jpg,Tamgaram,23000
10,1,1,10.jpg,Tamgaram,23000
11,1,1,11.jpg,Miyara,25000
12,1,1,12.jpg,Miyara,25000
13,1,1,13.jpg,Miyara,25000
14,1,1,14.jpg,Miyara,25000
15,1,1,15.jpg,Miyara,25000
16,1,1,16.jpg,Miyara,25000
17,1,1,17.jpg,Miyara,25000
18,1,1,18.jpg,Miyara,25000
19,1,1,19.jpg,Miyara,25000
20,1,1,20.jpg,Miyara,25000
21,1,1,21.jpg,Miyara,25000
22,1,1,22.jpg,Miyara,25000
23,1,1,23.jpg,Miyara,25000
24,1,1,24.jpg,Miyara,25000
25,1,1,25.jpg,Miyara,25000
26,1,1,26.jpg,Miyara,25000
27,1,1,27.jpg,Miyara,25000
28,1,1,28.jpg,Miyara,25000
29,1,1,29.jpg,Miyara,25000
30,1,1,30.jpg,Miyara,25000
31,1,1,31.jpg,Miyara,25000
32,1,1,32.jpg,Miyara,25000
33,1,1,33.jpg,Miyara,25000
34,1,1,34.jpg,Zanna,6000
35,1,1,35.jpg,Zanna,6000
36,1,1,36.jpg,Zanna,6000
37,1,1,37.jpg,Zanna,6000
38,1,1,38.jpg,Zanna,6000
39,1,1,39.jpg,Zanna,6000
40,1,1,40.jpg,Zanna,6000
41,1,1,41.jpg,Zanna,6000
42,1,1,42.jpg,Zanna,6000
43,1,1,43.jpg,Zanna,6000
44,1,1,2347068464632_status_7162571eb1fc4358bfb8e3622fbeb3e3.jpg,Miyara,28000
45,1,1,2347068464632_status_2150d3a6a8824642ade37e3f94cc68b7.jpg,Miyara,28000
46,1,1,2347068464632_status_dc66e71fe8364eafb7f10787cf41e0a2.jpg,Zanna,12000
47,1,1,2347068464632_status_51796b593eb446138310423f33d58000.jpg,Zanna,12000
48,1,1,2347068464632_status_763d3c773d504f988fde650575dcb323.jpg,Zanna,12000
49,1,1,2347068464632_status_6156cc6741064bb8949646a6499b7a0c.jpg,Zanna,12000
50,1,1,2348030807934_status_50cd41734159463e92e36cbf9a383cf1.jpg,Hausa Caps,10000
51,1,1,2348030807934_status_04fa0a0f3c784b10beea656f75c18693.jpg,Fulbe Caps,7000
52,1,1,2348030807934_status_b04584cd99ca4d3083ace85998cd25a8.jpg,Fulbe Caps,10000
53,2,2,0d28711f-46dd-42d2-8bf5-b257a6c791c9.jpg,Half Covers,5000
54,2,2,3a5bd63c-ff8a-4279-80be-acd8908f606b.jpg,Half Covers,5000
55,2,2,4fe21127-c72f-4417-b9c9-88f10d3e0713.jpg,Half Covers,5000
56,2,2,5d2355b4-f02f-4da8-9ff3-02ebb66f7343.jpg,Half Covers,5000
57,2,2,8b28ef60-26be-4351-8ef8-0cc898c27b93.jpg,Half Covers,5000
58,2,2,9b6e37f9-93cf-4381-b655-95671a1412f6.jpg,Half Covers,5000
59,2,2,49adbc5f-2519-4143-acaa-a91e722287af.jpg,Half Covers,5000
60,2,2,50a2e173-84d9-4a4e-b0f1-fe894bbf2d2e.jpg,Half Covers,5000
61,2,2,87a9d103-3587-4d56-918a-54ffc20e33d6.jpg,Half Covers,5000
62,2,2,6885d931-c915-4871-b5d7-113389f1e8cb.jpg,Half Covers,5000
63,2,2,009347c9-d1ea-4ba7-a2bc-640264f3cc40.jpg,Half Covers,5000
64,2,2,5ed756d6-0332-4d14-a004-4918827f2ae2.jpg,Half Covers,5000
65,2,2,48827600-a183-4f4f-b633-bc3bbe11ea8d.jpg,Half Covers,5000
66,2,2,96982ff6-04c3-47cb-80f0-24f33b836dea.jpg,Sandals,3500
67,2,2,IMG-20220602-WA0001.jpg,Sandals,3500
68,2,2,IMG-20220602-WA0002.jpg,Sandals,3500
69,2,2,IMG-20220602-WA0003.jpg,Sandals,3500
70,2,2,IMG-20220602-WA0004.jpg,Sandals,3500
71,2,2,IMG-20220602-WA0005.jpg,Sandals,3500
72,2,2,IMG-20220602-WA0006.jpg,Sandals,3500
73,2,2,IMG-20220602-WA0007.jpg,Sandals,3500
74,2,2,IMG-20220602-WA0009.jpg,Sandals,3500
75,2,2,IMG-20220602-WA0010.jpg,Sandals,3500
76,2,2,IMG-20220602-WA0011.jpg,Sandals,3500
77,2,2,IMG-20220602-WA0012.jpg,Sandals,3500
78,2,2,IMG-20220602-WA0013.jpg,Sandals,3500
79,2,2,IMG-20220602-WA0014.jpg,Sandals,3500
80,1,1,2347068464632_status_0f7a5ada9b404dd3a2d102a9b1b28ea3.jpg,Miyara,28000
81,1,1,2347068464632_status_1eb69193d118402ca52ecb2ce78c1375.jpg,Miyara,28000
82,1,1,2347068464632_status_3e82ea7a5fbd4ad2997c7ba0b99863db.jpg,Miyara,28000
83,1,1,2347068464632_status_58e89ba5244c4048977789c84335688b.jpg,Miyara,28000
84,1,1,2347068464632_status_196f66ff24414ad387b8bd2efc5e4140.jpg,Miyara,28000
85,1,1,2347068464632_status_63975b5c66604922a03754e20268400d.jpg,Miyara,28000
86,1,1,2347068464632_status_c36439554a73491787ff9bc8888c54ac.jpg,Miyara,28000
87,1,1,2347068464632_status_e825e52654b84cea94adac60e14f6f49.jpg,Miyara,28000
88,1,1,2347068464632_status_eb9173d213294da9ab71a7236873c8d9.jpg,Miyara,28000
89,1,1,2347068464632_status_fb613de31a9e47f88f09d62323075d22.jpg,Miyara,28000
90,3,3,IMG-20220611-WA0335.jpg,Agenda,3200
91,3,3,IMG-20220611-WA0336.jpg,Agenda,3200
92,3,3,IMG-20220611-WA0337.jpg,Agenda,3200
93,3,3,IMG-20220611-WA0338.jpg,Agenda,3200
94,3,3,IMG-20220611-WA0339.jpg,Agenda,3200
95,3,3,IMG-20220611-WA0340.jpg,Agenda,3200
96,3,3,IMG-20220611-WA0341.jpg,Agenda,3200
97,3,3,IMG-20220611-WA0342.jpg,Agenda,3200
98,3,3,IMG-20220611-WA0343.jpg,Agenda,3200
99,3,3,IMG-20220611-WA0344.jpg,Agenda,3200
100,3,3,IMG-20220611-WA0345.jpg,Agenda,3200
101,3,3,IMG-20220611-WA0346.jpg,Agenda,3200
102,3,3,IMG-20220611-WA0347.jpg,Agenda,3200
103,3,3,IMG-20220611-WA0348.jpg,Agenda,3200
104,3,3,IMG-20220611-WA0349.jpg,Agenda,3200
105,3,3,IMG-20220611-WA0138.jpg,Atampa Net,11000
106,3,3,IMG-20220611-WA0139.jpg,Atampa Net,11000
107,3,3,IMG-20220611-WA0140.jpg,Atampa Net,11000
108,3,3,IMG-20220611-WA0141.jpg,Atampa Net,11000
109,3,3,IMG-20220611-WA0142.jpg,Atampa Net,11000
110,3,3,IMG-20220611-WA0143.jpg,Atampa Net,11000
111,3,3,IMG-20220611-WA0144.jpg,Atampa Net,11000
112,3,3,IMG-20220611-WA0145.jpg,Atampa Net,11000
113,3,3,IMG-20220611-WA0146.jpg,Atampa Net,11000
114,3,3,IMG-20220611-WA0147.jpg,Atampa Net,11000
115,3,3,IMG-20220611-WA0148.jpg,Atampa Net,11000
116,3,3,IMG-20220611-WA0212.jpg,Champion Lace,18000
117,3,3,IMG-20220611-WA0213.jpg,Champion Lace,18000
118,3,3,IMG-20220611-WA0214.jpg,Champion Lace,18000
119,3,3,IMG-20220611-WA0215.jpg,Champion Lace,18000
120,3,3,IMG-20220611-WA0216.jpg,Champion Lace,18000
121,3,3,IMG-20220611-WA0217.jpg,Champion Lace,18000
122,3,3,IMG-20220611-WA0218.jpg,Champion Lace,18000
123,3,3,IMG-20220611-WA0219.jpg,Champion Lace,18000
124,3,3,IMG-20220611-WA0092.jpg,Designer Atampa,13000
125,3,3,IMG-20220611-WA0093.jpg,Designer Atampa,13000
126,3,3,IMG-20220611-WA0094.jpg,Designer Atampa,13000
127,3,3,IMG-20220611-WA0095.jpg,Designer Atampa,13000
128,3,3,IMG-20220611-WA0096.jpg,Designer Atampa,13000
129,3,3,IMG-20220611-WA0097.jpg,Designer Atampa,13000
130,3,3,IMG-20220611-WA0098.jpg,Designer Atampa,13000
131,3,3,IMG-20220611-WA0099.jpg,Designer Atampa,13000
132,3,3,IMG-20220611-WA0100.jpg,Designer Atampa,13000
133,3,3,IMG-20220611-WA0101.jpg,Designer Atampa,13000
134,3,3,IMG-20220611-WA0102.jpg,Designer Atampa,13000
135,3,3,IMG-20220611-WA0103.jpg,Designer Atampa,13000
136,3,3,IMG-20220611-WA0104.jpg,Designer Atampa,13000
137,3,3,IMG-20220611-WA0105.jpg,Designer Atampa,13000
138,3,3,IMG-20220611-WA0106.jpg,Designer Atampa,13000
139,3,3,IMG-20220611-WA0107.jpg,Designer Atampa,13000
140,3,3,IMG-20220611-WA0108.jpg,Designer Atampa,13000
141,3,3,IMG-20220611-WA0109.jpg,Designer Atampa,13000
142,3,3,IMG-20220611-WA0110.jpg,Designer Atampa,13000
143,3,3,IMG-20220611-WA0111.jpg,Designer Atampa,13000
144,3,3,IMG-20220611-WA0112.jpg,Designer Atampa,13000
145,3,3,IMG-20220611-WA0113.jpg,Designer Atampa,13000
146,3,3,IMG-20220611-WA0291.jpg,Designer Atampa,13000
147,3,3,IMG-20220611-WA0292.jpg,Designer Atampa,13000
148,3,3,IMG-20220611-WA0293.jpg,Designer Atampa,13000
149,3,3,IMG-20220611-WA0294.jpg,Designer Atampa,13000
150,3,3,IMG-20220611-WA0295.jpg,Designer Atampa,13000
151,3,3,IMG-20220611-WA0296.jpg,Designer Atampa,13000
152,3,3,IMG-20220611-WA0297.jpg,Designer Atampa,13000
153,3,3,IMG-20220611-WA0298.jpg,Designer Atampa,13000
154,3,3,IMG-20220611-WA0299.jpg,Designer Atampa,13000
155,3,3,IMG-20220611-WA0300.jpg,Designer Atampa,13000
156,3,3,IMG-20220611-WA0306.jpg,Designer Atampa,13000
157,3,3,IMG-20220611-WA0307.jpg,Designer Atampa,13000
158,3,3,IMG-20220611-WA0308.jpg,Designer Atampa,13000
159,3,3,IMG-20220611-WA0076.jpg,Dream Lace,15000
160,3,3,IMG-20220611-WA0077.jpg,Dream Lace,15000
161,3,3,IMG-20220611-WA0078.jpg,Dream Lace,15000
162,3,3,IMG-20220611-WA0079.jpg,Dream Lace,15000
163,3,3,IMG-20220611-WA0080.jpg,Dream Lace,15000
164,3,3,IMG-20220611-WA0081.jpg,Dream Lace,15000
165,3,3,IMG-20220611-WA0082.jpg,Dream Lace,15000
166,3,3,IMG-20220611-WA0359.jpg,EU Exclusive,5000
167,3,3,IMG-20220611-WA0360.jpg,EU Exclusive,5000
168,3,3,IMG-20220611-WA0361.jpg,EU Exclusive,5000
169,3,3,IMG-20220611-WA0362.jpg,EU Exclusive,5000
170,3,3,IMG-20220611-WA0363.jpg,EU Exclusive,5000
171,3,3,IMG-20220611-WA0364.jpg,EU Exclusive,5000
172,3,3,IMG-20220611-WA0365.jpg,EU Exclusive,5000
173,3,3,IMG-20220611-WA0366.jpg,EU Exclusive,5000
174,3,3,IMG-20220611-WA0114.jpg,Excelsor Swiss Cotton,3000
175,3,3,IMG-20220611-WA0115.jpg,Excelsor Swiss Cotton,3000
176,3,3,IMG-20220611-WA0116.jpg,Excelsor Swiss Cotton,3000
177,3,3,IMG-20220611-WA0117.jpg,Excelsor Swiss Cotton,3000
178,3,3,IMG-20220611-WA0118.jpg,Excelsor Swiss Cotton,3000
179,3,3,IMG-20220611-WA0119.jpg,Excelsor Swiss Cotton,3000
180,3,3,IMG-20220611-WA0120.jpg,Excelsor Swiss Cotton,3000
181,3,3,IMG-20220611-WA0121.jpg,Excelsor Swiss Cotton,3000
182,3,3,IMG-20220611-WA0122.jpg,Excelsor Swiss Cotton,3000
183,3,3,IMG-20220611-WA0123.jpg,Excelsor Swiss Cotton,3000
184,3,3,IMG-20220611-WA0124.jpg,Excelsor Swiss Cotton,3000
185,3,3,IMG-20220611-WA0125.jpg,Excelsor Swiss Cotton,3000
186,3,3,IMG-20220611-WA0126.jpg,Excelsor Swiss Cotton,3000
187,3,3,IMG-20220611-WA0127.jpg,Excelsor Swiss Cotton,3000
188,3,3,IMG-20220611-WA0128.jpg,Excelsor Swiss Cotton,3000
189,3,3,IMG-20220611-WA0129.jpg,Excelsor Swiss Cotton,3000
190,3,3,IMG-20220611-WA0130.jpg,Excelsor Swiss Cotton,3000
191,3,3,IMG-20220611-WA0131.jpg,Excelsor Swiss Cotton,3000
192,3,3,IMG-20220611-WA0132.jpg,Excelsor Swiss Cotton,3000
193,3,3,IMG-20220611-WA0133.jpg,Excelsor Swiss Cotton,3000
194,3,3,IMG-20220611-WA0134.jpg,Excelsor Swiss Cotton,3000
195,3,3,IMG-20220611-WA0135.jpg,Excelsor Swiss Cotton,3000
196,3,3,IMG-20220611-WA0136.jpg,Excelsor Swiss Cotton,3000
197,3,3,IMG-20220611-WA0137.jpg,Excelsor Swiss Cotton,3000
198,3,3,IMG-20220611-WA0350.jpg,Fashion Lace,18000
199,3,3,IMG-20220611-WA0351.jpg,Fashion Lace,18000
200,3,3,IMG-20220611-WA0352.jpg,Fashion Lace,18000
201,3,3,IMG-20220611-WA0353.jpg,Fashion Lace,18000
202,3,3,IMG-20220611-WA0354.jpg,Fashion Lace,18000
203,3,3,IMG-20220611-WA0355.jpg,Fashion Lace,18000
204,3,3,IMG-20220611-WA0356.jpg,Fashion Lace,18000
205,3,3,IMG-20220611-WA0357.jpg,Fashion Lace,18000
206,3,3,IMG-20220611-WA0358.jpg,Fashion Lace,18000
207,3,3,IMG-20220611-WA0195.jpg,Getzner Annour,9800
208,3,3,IMG-20220611-WA0196.jpg,Getzner Annour,9800
209,3,3,IMG-20220611-WA0197.jpg,Getzner Annour,9800
210,3,3,IMG-20220611-WA0198.jpg,Getzner Annour,9800
211,3,3,IMG-20220611-WA0199.jpg,Getzner Annour,9800
212,3,3,IMG-20220611-WA0200.jpg,Getzner Annour,9800
213,3,3,IMG-20220611-WA0201.jpg,Getzner Annour,9800
214,3,3,IMG-20220611-WA0202.jpg,Getzner Annour,9800
215,3,3,IMG-20220611-WA0203.jpg,Getzner Annour,9800
216,3,3,IMG-20220611-WA0204.jpg,Getzner Annour,9800
217,3,3,IMG-20220611-WA0205.jpg,Getzner Annour,9800
218,3,3,IMG-20220611-WA0206.jpg,Getzner Annour,9800
219,3,3,IMG-20220611-WA0207.jpg,Getzner Annour,9800
220,3,3,IMG-20220611-WA0208.jpg,Getzner Annour,9800
221,3,3,IMG-20220611-WA0209.jpg,Getzner Annour,9800
222,3,3,IMG-20220611-WA0210.jpg,Getzner Annour,9800
223,3,3,IMG-20220611-WA0303.jpg,Haltom,4500
224,3,3,IMG-20220611-WA0305.jpg,Haltom,4500
225,3,3,IMG-20220611-WA0314.jpg,Haltom,4500
226,3,3,IMG-20220611-WA0315.jpg,Haltom,4500
227,3,3,IMG-20220611-WA0316.jpg,Haltom,4500
228,3,3,IMG-20220611-WA0317.jpg,Haltom,4500
229,3,3,IMG-20220611-WA0318.jpg,Haltom,4500
230,3,3,IMG-20220611-WA0319.jpg,Haltom,4500
231,3,3,IMG-20220611-WA0320.jpg,Haltom,4500
232,3,3,IMG-20220611-WA0321.jpg,Haltom,4500
233,3,3,IMG-20220611-WA0322.jpg,Original Exclusive,6000
234,3,3,IMG-20220611-WA0323.jpg,Haltom,4500
235,3,3,IMG-20220611-WA0324.jpg,Haltom,4500
236,3,3,IMG-20220611-WA0325.jpg,Haltom,4500
237,3,3,IMG-20220611-WA0084.jpg,Kush Material,7000
238,3,3,IMG-20220611-WA0085.jpg,Kush Material,7000
239,3,3,IMG-20220611-WA0086.jpg,Kush Material,7000
240,3,3,IMG-20220611-WA0087.jpg,Kush Material,7000
241,3,3,IMG-20220611-WA0088.jpg,Kush Material,7000
242,3,3,IMG-20220611-WA0089.jpg,Kush Material,7000
243,3,3,IMG-20220611-WA0090.jpg,Kush Material,7000
244,3,3,IMG-20220611-WA0091.jpg,Kush Material,7000
245,3,3,IMG-20220611-WA0304.jpg,Madam Getzner,16000
246,3,3,IMG-20220611-WA0326.jpg,Madam Getzner,16000
247,3,3,IMG-20220611-WA0327.jpg,Madam Getzner,16000
248,3,3,IMG-20220611-WA0328.jpg,Madam Getzner,16000
249,3,3,IMG-20220611-WA0329.jpg,Madam Getzner,16000
250,3,3,IMG-20220611-WA0330.jpg,Madam Getzner,16000
251,3,3,IMG-20220611-WA0331.jpg,Madam Getzner,16000
252,3,3,IMG-20220611-WA0332.jpg,Madam Getzner,16000
253,3,3,IMG-20220611-WA0333.jpg,Madam Getzner,16000
254,3,3,IMG-20220611-WA0334.jpg,Madam Getzner,16000
255,3,3,IMG-20220611-WA0149.jpg,Majestic Lace,18000
256,3,3,IMG-20220611-WA0150.jpg,Majestic Lace,18000
257,3,3,IMG-20220611-WA0151.jpg,Majestic Lace,18000
258,3,3,IMG-20220611-WA0152.jpg,Majestic Lace,18000
259,3,3,IMG-20220611-WA0153.jpg,Majestic Lace,18000
260,3,3,IMG-20220611-WA0154.jpg,Majestic Lace,18000
261,3,3,IMG-20220611-WA0155.jpg,Majestic Lace,18000
262,3,3,IMG-20220611-WA0220.jpg,MY Getzner,5000
263,3,3,IMG-20220611-WA0221.jpg,MY Getzner,5000
264,3,3,IMG-20220611-WA0222.jpg,MY Getzner,5000
265,3,3,IMG-20220611-WA0223.jpg,MY Getzner,5000
266,3,3,IMG-20220611-WA0224.jpg,MY Getzner,5000
267,3,3,IMG-20220611-WA0225.jpg,MY Getzner,5000
268,3,3,IMG-20220611-WA0226.jpg,MY Getzner,5000
269,3,3,IMG-20220611-WA0227.jpg,MY Getzner,5000
270,3,3,IMG-20220611-WA0228.jpg,MY Getzner,5000
271,3,3,IMG-20220611-WA0229.jpg,MY Getzner,5000
272,3,3,IMG-20220611-WA0230.jpg,MY Getzner,5000
273,3,3,IMG-20220611-WA0231.jpg,MY Getzner,5000
274,3,3,IMG-20220611-WA0232.jpg,MY Getzner,5000
275,3,3,IMG-20220611-WA0233.jpg,MY Getzner,5000
276,3,3,IMG-20220611-WA0301.jpg,Original Exclusive,6000
277,3,3,IMG-20220611-WA0302.jpg,Original Exclusive,6000
278,3,3,IMG-20220611-WA0309.jpg,Original Exclusive,6000
279,3,3,IMG-20220611-WA0310.jpg,Original Exclusive,6000
280,3,3,IMG-20220611-WA0311.jpg,Original Exclusive,6000
281,3,3,IMG-20220611-WA0312.jpg,Original Exclusive,6000
282,3,3,IMG-20220611-WA0313.jpg,Original Exclusive,6000
283,3,3,IMG-20220611-WA0262.jpg,Rea Wilde,3400
284,3,3,IMG-20220611-WA0263.jpg,Rea Wilde,3400
285,3,3,IMG-20220611-WA0264.jpg,Rea Wilde,3400
286,3,3,IMG-20220611-WA0265.jpg,Rea Wilde,3400
287,3,3,IMG-20220611-WA0266.jpg,Rea Wilde,3400
288,3,3,IMG-20220611-WA0267.jpg,Rea Wilde,3400
289,3,3,IMG-20220611-WA0268.jpg,Rea Wilde,3400
290,3,3,IMG-20220611-WA0269.jpg,Rea Wilde,3400
291,3,3,IMG-20220611-WA0270.jpg,Rea Wilde,3400
292,3,3,IMG-20220611-WA0271.jpg,Rea Wilde,3400
293,3,3,IMG-20220611-WA0272.jpg,Rea Wilde,3400
294,3,3,IMG-20220611-WA0273.jpg,Rea Wilde,3400
295,3,3,IMG-20220611-WA0274.jpg,Rea Wilde,3400
296,3,3,IMG-20220611-WA0156.jpg,Shadda Lace,20500
297,3,3,IMG-20220611-WA0157.jpg,Shadda Lace,20500
298,3,3,IMG-20220611-WA0158.jpg,Shadda Lace,20500
299,3,3,IMG-20220611-WA0159.jpg,Shadda Lace,20500
300,3,3,IMG-20220611-WA0160.jpg,Shadda Lace,20500
301,3,3,IMG-20220611-WA0161.jpg,Shadda Lace,20500
302,3,3,IMG-20220611-WA0162.jpg,Shadda Lace,20500
303,3,3,IMG-20220611-WA0163.jpg,Shadda Lace,20500
304,3,3,IMG-20220611-WA0164.jpg,Shadda Lace,20500
305,3,3,IMG-20220611-WA0165.jpg,Shadda Lace,20500
306,3,3,IMG-20220611-WA0166.jpg,Shadda Lace,20500
307,3,3,IMG-20220611-WA0167.jpg,Shadda Lace,20500
308,3,3,IMG-20220611-WA0168.jpg,Shadda Lace,20500
309,3,3,IMG-20220611-WA0169.jpg,Shadda Lace,20500
310,3,3,IMG-20220611-WA0170.jpg,Shadda Lace,20500
311,3,3,IMG-20220611-WA0171.jpg,Shadda Lace,20500
312,3,3,IMG-20220611-WA0187.jpg,Sheraton,3800
313,3,3,IMG-20220611-WA0188.jpg,Sheraton,3800
314,3,3,IMG-20220611-WA0189.jpg,Sheraton,3800
315,3,3,IMG-20220611-WA0190.jpg,Sheraton,3800
316,3,3,IMG-20220611-WA0191.jpg,Sheraton,3800
317,3,3,IMG-20220611-WA0192.jpg,Sheraton,3800
318,3,3,IMG-20220611-WA0193.jpg,Sheraton,3800
319,3,3,IMG-20220611-WA0194.jpg,Sheraton,3800
320,3,3,IMG-20220611-WA0240.jpg,Super Blink,3200
321,3,3,IMG-20220611-WA0241.jpg,Super Blink,3200
322,3,3,IMG-20220611-WA0242.jpg,Super Blink,3200
323,3,3,IMG-20220611-WA0243.jpg,Super Blink,3200
324,3,3,IMG-20220611-WA0244.jpg,Super Blink,3200
325,3,3,IMG-20220611-WA0245.jpg,Super Blink,3200
326,3,3,IMG-20220611-WA0246.jpg,Super Blink,3200
327,3,3,IMG-20220611-WA0247.jpg,Super Blink,3200
328,3,3,IMG-20220611-WA0248.jpg,Super Blink,3200
329,3,3,IMG-20220611-WA0249.jpg,Super Blink,3200
330,3,3,IMG-20220611-WA0250.jpg,Super Blink,3200
331,3,3,IMG-20220611-WA0251.jpg,Super Blink,3200
332,3,3,IMG-20220611-WA0252.jpg,Super Blink,3200
333,3,3,IMG-20220611-WA0253.jpg,Super Blink,3200
334,3,3,IMG-20220611-WA0254.jpg,Super Blink,3200
335,3,3,IMG-20220611-WA0255.jpg,Super Blink,3200
336,3,3,IMG-20220611-WA0256.jpg,Super Blink,3200
337,3,3,IMG-20220611-WA0257.jpg,Super Blink,3200
338,3,3,IMG-20220611-WA0258.jpg,Super Blink,3200
339,3,3,IMG-20220611-WA0259.jpg,Super Blink,3200
340,3,3,IMG-20220611-WA0260.jpg,Super Blink,3200
341,3,3,IMG-20220611-WA0261.jpg,Super Blink,3200
342,3,3,IMG-20220611-WA0025.jpg,Supermagnum Getzner,9000
343,3,3,IMG-20220611-WA0027.jpg,Supermagnum Getzner,9000
344,3,3,IMG-20220611-WA0028.jpg,Supermagnum Getzner,9000
345,3,3,IMG-20220611-WA0029.jpg,Supermagnum Getzner,9000
346,3,3,IMG-20220611-WA0030.jpg,Supermagnum Getzner,9000
347,3,3,IMG-20220611-WA0031.jpg,Supermagnum Getzner,9000
348,3,3,IMG-20220611-WA0032.jpg,Supermagnum Getzner,9000
349,3,3,IMG-20220611-WA0033.jpg,Supermagnum Getzner,9000
350,3,3,IMG-20220611-WA0034.jpg,Supermagnum Getzner,9000
351,3,3,IMG-20220611-WA0035.jpg,Supermagnum Getzner,9000
352,3,3,IMG-20220611-WA0036.jpg,Supermagnum Getzner,9000
353,3,3,IMG-20220611-WA0037.jpg,Supermagnum Getzner,9000
354,3,3,IMG-20220611-WA0038.jpg,Supermagnum Getzner,9000
355,3,3,IMG-20220611-WA0039.jpg,Supermagnum Getzner,9000
356,3,3,IMG-20220611-WA0040.jpg,Supermagnum Getzner,9000
357,3,3,IMG-20220611-WA0041.jpg,Supermagnum Getzner,9000
358,3,3,IMG-20220611-WA0042.jpg,Supermagnum Getzner,9000
359,3,3,IMG-20220611-WA0043.jpg,Supermagnum Getzner,9000
360,3,3,IMG-20220611-WA0044.jpg,Supermagnum Getzner,9000
361,3,3,IMG-20220611-WA0045.jpg,Supermagnum Getzner,9000
362,3,3,IMG-20220611-WA0234.jpg,Super Max XXL,3400
363,3,3,IMG-20220611-WA0235.jpg,Super Max XXL,3400
364,3,3,IMG-20220611-WA0236.jpg,Super Max XXL,3400
365,3,3,IMG-20220611-WA0237.jpg,Super Max XXL,3400
366,3,3,IMG-20220611-WA0238.jpg,Super Max XXL,3400
367,3,3,IMG-20220611-WA0239.jpg,Super Max XXL,3400
368,3,3,IMG-20220611-WA0181.jpg,Super Younger,3300
369,3,3,IMG-20220611-WA0182.jpg,Super Younger,3300
370,3,3,IMG-20220611-WA0183.jpg,Super Younger,3300
371,3,3,IMG-20220611-WA0184.jpg,Super Younger,3300
372,3,3,IMG-20220611-WA0185.jpg,Super Younger,3300
373,3,3,IMG-20220611-WA0186.jpg,Super Younger,3300
374,3,3,IMG-20220611-WA0046.jpg,Supreme Getzner,9800
375,3,3,IMG-20220611-WA0047.jpg,Supreme Getzner,9800
376,3,3,IMG-20220611-WA0048.jpg,Supreme Getzner,9800
377,3,3,IMG-20220611-WA0049.jpg,Supreme Getzner,9800
378,3,3,IMG-20220611-WA0050.jpg,Supreme Getzner,9800
379,3,3,IMG-20220611-WA0051.jpg,Supreme Getzner,9800
380,3,3,IMG-20220611-WA0052.jpg,Supreme Getzner,9800
381,3,3,IMG-20220611-WA0053.jpg,Supreme Getzner,9800
382,3,3,IMG-20220611-WA0054.jpg,Supreme Getzner,9800
383,3,3,IMG-20220611-WA0055.jpg,Supreme Getzner,9800
384,3,3,IMG-20220611-WA0056.jpg,Supreme Getzner,9800
385,3,3,IMG-20220611-WA0057.jpg,Supreme Getzner,9800
386,3,3,IMG-20220611-WA0058.jpg,Supreme Getzner,9800
387,3,3,IMG-20220611-WA0059.jpg,Supreme Getzner,9800
388,3,3,IMG-20220611-WA0060.jpg,Supreme Getzner,9800
389,3,3,IMG-20220611-WA0061.jpg,Supreme Getzner,9800
390,3,3,IMG-20220611-WA0062.jpg,Supreme Getzner,9800
391,3,3,IMG-20220611-WA0063.jpg,Supreme Getzner,9800
392,3,3,IMG-20220611-WA0064.jpg,Supreme Getzner,9800
393,3,3,IMG-20220611-WA0065.jpg,Supreme Getzner,9800
394,3,3,IMG-20220611-WA0066.jpg,Supreme Getzner,9800
395,3,3,IMG-20220611-WA0067.jpg,Supreme Getzner,9800
396,3,3,IMG-20220611-WA0068.jpg,Supreme Getzner,9800
397,3,3,IMG-20220611-WA0069.jpg,Supreme Getzner,9800
398,3,3,IMG-20220611-WA0070.jpg,Supreme Getzner,9800
399,3,3,IMG-20220611-WA0071.jpg,Supreme Getzner,9800
400,3,3,IMG-20220611-WA0072.jpg,Supreme Getzner,9800
401,3,3,IMG-20220611-WA0073.jpg,Supreme Getzner,9800
402,3,3,IMG-20220611-WA0074.jpg,Supreme Getzner,9800
403,3,3,IMG-20220611-WA0075.jpg,Supreme Getzner,9800
404,3,3,IMG-20220611-WA0172.jpg,Unique Lace,15000
405,3,3,IMG-20220611-WA0173.jpg,Unique Lace,15000
406,3,3,IMG-20220611-WA0174.jpg,Unique Lace,15000
407,3,3,IMG-20220611-WA0175.jpg,Unique Lace,15000
408,3,3,IMG-20220611-WA0176.jpg,Unique Lace,15000
409,3,3,IMG-20220611-WA0177.jpg,Unique Lace,15000
410,3,3,IMG-20220611-WA0178.jpg,Unique Lace,15000
411,3,3,IMG-20220611-WA0179.jpg,Unique Lace,15000
412,3,3,IMG-20220611-WA0180.jpg,Unique Lace,15000
413,3,3,IMG-20220611-WA0018.jpg,X Wagambari,3800
414,3,3,IMG-20220611-WA0019.jpg,X Wagambari,3800
415,3,3,IMG-20220611-WA0020.jpg,X Wagambari,3800
416,3,3,IMG-20220611-WA0021.jpg,X Wagambari,3800
417,3,3,IMG-20220611-WA0022.jpg,X Wagambari,3800
418,3,3,IMG-20220611-WA0023.jpg,X Wagambari,3800
419,3,3,IMG-20220611-WA0024.jpg,X Wagambari,3800
420,3,3,IMG-20220611-WA0282.jpg,Uncategoriszed,4000
421,3,3,IMG-20220611-WA0283.jpg,Uncategoriszed,4000
422,3,3,IMG-20220611-WA0284.jpg,Uncategoriszed,4000
423,3,3,IMG-20220611-WA0285.jpg,Uncategoriszed,4000
424,3,3,IMG-20220611-WA0286.jpg,Uncategoriszed,4000
425,3,3,IMG-20220611-WA0287.jpg,Uncategoriszed,4000
426,3,3,IMG-20220611-WA0288.jpg,Uncategoriszed,4000
427,3,3,IMG-20220611-WA0289.jpg,Uncategoriszed,4000
428,3,3,IMG-20220611-WA0290.jpg,Uncategoriszed,4000
429,3,3,IMG-20220612-WA0030.jpg,Cihigavy,8000
430,3,3,IMG-20220612-WA0031.jpg,Cihigavy,8000
431,3,3,IMG-20220612-WA0032.jpg,Cihigavy,8000
432,3,3,IMG-20220612-WA0033.jpg,Cihigavy,8000
433,3,3,IMG-20220612-WA0034.jpg,Cihigavy,8000
434,3,3,IMG-20220612-WA0035.jpg,Cihigavy,8000
435,3,3,IMG-20220612-WA0036.jpg,Cihigavy,8000
436,3,3,IMG-20220612-WA0037.jpg,Cihigavy,8000
437,3,3,IMG-20220612-WA0038.jpg,Cihigavy,8000
438,3,3,IMG-20220612-WA0039.jpg,Cihigavy,8000
439,3,3,IMG-20220612-WA0041.jpg,Cihigavy,8000
440,3,3,IMG-20220612-WA0042.jpg,Cihigavy,8000
441,3,3,IMG-20220612-WA0044.jpg,Cihigavy,8000
442,3,3,IMG-20220612-WA0021.jpg,Devon,3800
443,3,3,IMG-20220612-WA0022.jpg,Devon,3800
444,3,3,IMG-20220612-WA0023.jpg,Devon,3800
445,3,3,IMG-20220612-WA0024.jpg,Devon,3800
446,3,3,IMG-20220612-WA0025.jpg,Devon,3800
447,3,3,IMG-20220612-WA0026.jpg,Devon,3800
448,3,3,IMG-20220612-WA0027.jpg,Devon,3800
449,3,3,IMG-20220612-WA0028.jpg,Devon,3800
450,3,3,IMG-20220612-WA0029.jpg,Devon,3800
451,3,3,IMG-20220612-WA0045.jpg,Gucce,3800
452,3,3,IMG-20220612-WA0046.jpg,Gucce,3800
453,3,3,IMG-20220612-WA0047.jpg,Gucce,3800
454,3,3,IMG-20220612-WA0048.jpg,Gucce,3800
455,3,3,IMG-20220612-WA0049.jpg,Gucce,3800
456,3,3,IMG-20220612-WA0066.jpg,Hip Hop,3400
457,3,3,IMG-20220612-WA0067.jpg,Hip Hop,3400
458,3,3,IMG-20220612-WA0068.jpg,Hip Hop,3400
459,3,3,IMG-20220612-WA0069.jpg,Hip Hop,3400
460,3,3,IMG-20220612-WA0070.jpg,Hip Hop,3400
461,3,3,IMG-20220612-WA0071.jpg,Hip Hop,3400
462,3,3,IMG-20220612-WA0072.jpg,Hip Hop,3400
463,3,3,IMG-20220612-WA0073.jpg,Hip Hop,3400
464,3,3,IMG-20220612-WA0074.jpg,Hip Hop,3400
465,3,3,IMG-20220612-WA0075.jpg,Hip Hop,3400
466,3,3,IMG-20220612-WA0076.jpg,Hip Hop,3400
467,3,3,IMG-20220612-WA0077.jpg,Hip Hop,3400
468,3,3,IMG-20220612-WA0078.jpg,Hip Hop,3400
469,3,3,IMG-20220612-WA0079.jpg,Hip Hop,3400
470,3,3,IMG-20220612-WA0080.jpg,Hip Hop,3400
471,3,3,IMG-20220612-WA0081.jpg,Hip Hop,3400
472,3,3,IMG-20220612-WA0082.jpg,Hip Hop,3400
473,3,3,IMG-20220612-WA0083.jpg,Hip Hop,3400
474,3,3,IMG-20220612-WA0084.jpg,Hip Hop,3400
475,3,3,IMG-20220612-WA0085.jpg,Hip Hop,3400
476,3,3,IMG-20220612-WA0086.jpg,Hip Hop,3400
477,3,3,IMG-20220612-WA0087.jpg,Hip Hop,3400
478,3,3,IMG-20220612-WA0088.jpg,Hip Hop,3400
479,3,3,IMG-20220612-WA0089.jpg,Hip Hop,3400
480,3,3,IMG-20220612-WA0090.jpg,Hip Hop,3400
481,3,3,IMG-20220612-WA0091.jpg,Hip Hop,3400
482,3,3,IMG-20220612-WA0092.jpg,Hip Hop,3400
483,3,3,IMG-20220612-WA0093.jpg,Hip Hop,3400
484,3,3,IMG-20220612-WA0094.jpg,Hip Hop,3400
485,3,3,IMG-20220612-WA0095.jpg,Hip Hop,3400
486,3,3,IMG-20220612-WA0096.jpg,Hip Hop,3400
487,3,3,IMG-20220612-WA0097.jpg,Hip Hop,3400
488,3,3,IMG-20220612-WA0011.jpg,Kingteam Super LA,3800
489,3,3,IMG-20220612-WA0053.jpg,Kingteam Super LA,3800
490,3,3,IMG-20220612-WA0054.jpg,Kingteam Super LA,3800
491,3,3,IMG-20220612-WA0055.jpg,Kingteam Super LA,3800
492,3,3,IMG-20220612-WA0056.jpg,Kingteam Super LA,3800
493,3,3,IMG-20220612-WA0057.jpg,Kingteam Super LA,3800
494,3,3,IMG-20220612-WA0058.jpg,Kingteam Super LA,3800
495,3,3,IMG-20220612-WA0059.jpg,Kingteam Super LA,3800
496,3,3,IMG-20220612-WA0060.jpg,Kingteam Super LA,3800
497,3,3,IMG-20220612-WA0061.jpg,Kingteam Super LA,3800
498,3,3,IMG-20220612-WA0062.jpg,Kingteam Super LA,3800
499,3,3,IMG-20220612-WA0063.jpg,Kingteam Super LA,3800
500,3,3,IMG-20220612-WA0064.jpg,Kingteam Super LA,3800
501,3,3,IMG-20220612-WA0065.jpg,Kingteam Super LA,3800
502,3,3,IMG-20220612-WA0012.jpg,Modern Irish,2600
503,3,3,IMG-20220612-WA0013.jpg,Modern Irish,2600
504,3,3,IMG-20220612-WA0014.jpg,Modern Irish,2600
505,3,3,IMG-20220612-WA0015.jpg,Modern Irish,2600
506,3,3,IMG-20220612-WA0016.jpg,Modern Irish,2600
507,3,3,IMG-20220612-WA0017.jpg,Modern Irish,2600
508,3,3,IMG-20220612-WA0018.jpg,Modern Irish,2600
509,3,3,IMG-20220612-WA0019.jpg,Modern Irish,2600
510,3,3,IMG-20220612-WA0020.jpg,Modern Irish,2600
511,3,3,IMG-20220612-WA0050.jpg,Thermos Wagambari,3800
512,3,3,IMG-20220612-WA0051.jpg,Thermos Wagambari,3800
513,3,3,IMG-20220612-WA0052.jpg,Thermos Wagambari,3800
514,3,3,IMG-20220612-WA0101.jpg,Prince,3800
515,3,3,IMG-20220612-WA0102.jpg,Prince,3800
516,3,3,IMG-20220612-WA0103.jpg,Prince,3800
517,3,3,IMG-20220612-WA0104.jpg,Prince,3800
518,3,3,IMG-20220612-WA0105.jpg,Prince,3800
519,3,3,IMG-20220612-WA0106.jpg,Prince,3800
520,3,3,IMG-20220612-WA0107.jpg,Prince,3800
521,3,3,IMG-20220612-WA0108.jpg,Prince,3800
522,3,3,IMG-20220612-WA0109.jpg,Prince,3800
523,3,3,IMG-20220612-WA0110.jpg,Prince,3800
524,3,3,IMG-20220612-WA0111.jpg,Prince,3800
525,3,3,IMG-20220612-WA0115.jpg,Prince,3800
526,3,4,IMG_1850.jpg,Happy Kids,2400
527,3,4,IMG_1843.jpg,Happy Kids,2400
528,3,4,IMG_1856.jpg,Happy Kids,2400
529,3,4,IMG_1866.jpg,Happy Kids,2400
530,3,4,IMG_1858.jpg,Happy Kids,2400
531,3,4,IMG_1839.jpg,Happy Kids,2400
532,3,4,IMG_1841.jpg,Happy Kids,2400
533,3,4,IMG_1855.jpg,Happy Kids,2400
534,3,4,IMG_1843.jpg,Happy Kids,2400
535,3,4,IMG_1837.jpg,Happy Kids,2400
536,3,4,IMG_1834.jpg,Happy Kids,2400
